,"CAR(-1, +1)",CROSS,CASH,HORIZ,DSIZE,RSIZE,LEV,Acq_size
"CAR(-1, +1)",1.0,-0.11591431514357452,0.10476333432855635,0.13302058324633476,0.019608785900127632,-0.08655438152982219,-0.011161591176521914,0.026351354565514545
CROSS,-0.11591431514357452,1.0,-0.01884141105391147,0.13203137160134343,0.06447893666186633,0.024022062601933656,0.05191688327552433,0.07603546087846862
CASH,0.10476333432855635,-0.01884141105391147,1.0,-0.042997816730145494,-0.1323123977254768,-0.07815878303397299,-0.07433411079152916,0.23298410875188538
HORIZ,0.13302058324633476,0.13203137160134343,-0.042997816730145494,1.0,0.10866276700984508,-0.04047562154051054,-0.0030523208475198194,-0.0634467199731262
DSIZE,0.019608785900127632,0.06447893666186633,-0.1323123977254768,0.10866276700984508,1.0,-0.0009742100667020829,0.060007151104577695,0.18453025156399586
RSIZE,-0.08655438152982219,0.024022062601933656,-0.07815878303397299,-0.04047562154051054,-0.0009742100667020829,1.0,-0.016260721363111248,-0.03996918095160627
LEV,-0.011161591176521914,0.05191688327552433,-0.07433411079152916,-0.0030523208475198194,0.060007151104577695,-0.016260721363111248,1.0,0.10680177513469748
Acq_size,0.026351354565514545,0.07603546087846862,0.23298410875188538,-0.0634467199731262,0.18453025156399586,-0.03996918095160627,0.10680177513469748,1.0
