,"CAR(-1, +1)",CROSS,CASH,HORIZ,DSIZE,RSIZE,LEV,Acq_size
"CAR(-1, +1)",1.0,-0.11591431514357452,0.10476333432855635,0.13302058324633476,0.07965586999006699,-0.08655438152982219,-0.011161591176521914,0.11558746195937583
CROSS,-0.11591431514357452,1.0,-0.01884141105391147,0.13203137160134343,0.0879352014876772,0.024022062601933656,0.05191688327552433,0.06427532672331507
CASH,0.10476333432855635,-0.01884141105391147,1.0,-0.042997816730145494,0.048006350325943595,-0.07815878303397299,-0.07433411079152916,0.34294586832533086
HORIZ,0.13302058324633476,0.13203137160134343,-0.042997816730145494,1.0,0.09033462741043886,-0.04047562154051054,-0.0030523208475198194,-0.011091309399276644
DSIZE,0.07965586999006699,0.0879352014876772,0.048006350325943595,0.09033462741043886,1.0,0.009495265910538925,0.1144106799997381,0.5774624868037967
RSIZE,-0.08655438152982219,0.024022062601933656,-0.07815878303397299,-0.04047562154051054,0.009495265910538925,1.0,-0.016260721363111248,-0.18483794734743758
LEV,-0.011161591176521914,0.05191688327552433,-0.07433411079152916,-0.0030523208475198194,0.1144106799997381,-0.016260721363111248,1.0,0.14832274215611244
Acq_size,0.11558746195937583,0.06427532672331507,0.34294586832533086,-0.011091309399276644,0.5774624868037967,-0.18483794734743758,0.14832274215611244,1.0
